1,"2021-03-16,2:00:00",97,16,10,12,Bike,1,BN,Left
2,"2021-03-16,2:00:00",19,7,50,3,Car,2,BN,Right
3,"2021-03-16,2:00:01",33,28,10,15,Person,3,BN,Right
4,"2021-03-16,2:00:02",47,96,50,6,Truck,4,BN,Right
5,"2021-03-16,2:00:03",21,13,10,12,Person,5,BN,Left
6,"2021-03-16,2:00:04",34,64,20,15,Bus,6,BN,Right
7,"2021-03-16,2:00:05",16,62,20,12,Bike,7,BN,Left
8,"2021-03-16,2:00:06",56,64,30,12,Car,8,BN,Left
9,"2021-03-16,2:00:07",39,20,30,6,Bike,9,BN,Right
10,"2021-03-16,2:00:08",97,43,20,15,Bus,10,BN,Left
11,"2021-03-16,2:00:09",91,84,50,9,Car,11,BN,Right
12,"2021-03-16,2:00:10",25,73,20,12,Bus,12,BN,Left
13,"2021-03-16,2:00:11",6,92,30,12,Truck,13,BN,Right
14,"2021-03-16,2:00:12",1,70,30,6,Bus,14,BN,Left
15,"2021-03-16,2:00:13",66,51,40,3,Person,15,BN,Right
16,"2021-03-16,2:00:14",94,67,30,3,Person,16,BN,Left
17,"2021-03-16,2:00:15",10,71,40,15,Car,17,BN,Right
18,"2021-03-16,2:00:16",3,92,50,6,Truck,18,BN,Left
19,"2021-03-16,2:00:17",49,98,40,15,Bus,19,BN,Left
20,"2021-03-16,2:00:18",59,30,10,12,Car,20,BN,Right
21,"2021-03-16,2:00:19",59,81,20,15,Bike,21,BN,Left
22,"2021-03-16,2:00:20",28,76,50,9,Bus,22,BN,Right
23,"2021-03-16,2:00:21",87,25,40,9,Car,23,BN,Left
24,"2021-03-16,2:00:22",38,55,50,12,Person,24,BN,Right
25,"2021-03-16,2:00:23",58,98,50,15,Person,25,BN,Right
26,"2021-03-16,2:00:24",67,98,40,6,Bike,26,BN,Right
27,"2021-03-16,2:00:25",95,87,30,12,Car,27,BN,Left
28,"2021-03-16,2:00:26",74,62,20,9,Bus,28,BN,Left
29,"2021-03-16,2:00:27",35,100,50,9,Person,29,BN,Left
30,"2021-03-16,2:00:28",36,59,40,6,Truck,30,BN,Left
31,"2021-03-16,2:00:29",96,8,20,9,Truck,31,BN,Right
32,"2021-03-16,2:00:30",27,42,20,6,Bus,32,BN,Left
33,"2021-03-16,2:00:31",2,18,10,3,Bike,33,BN,Left
34,"2021-03-16,2:00:32",32,53,30,9,Truck,34,BN,Left
35,"2021-03-16,2:00:33",87,86,50,3,Bike,35,BN,Left
36,"2021-03-16,2:00:34",40,33,40,3,Person,36,BN,Left
37,"2021-03-16,2:00:35",77,2,30,9,Bus,37,BN,Left
38,"2021-03-16,2:00:36",16,21,20,15,Car,38,BN,Right
39,"2021-03-16,2:00:37",97,20,30,12,Bus,39,BN,Left
40,"2021-03-16,2:00:38",100,84,40,9,Person,40,BN,Right
41,"2021-03-16,2:00:39",27,41,40,15,Bus,41,BN,Right
42,"2021-03-16,2:00:40",42,46,50,6,Bus,42,BN,Right
43,"2021-03-16,2:00:41",33,55,50,9,Car,43,BN,Right
44,"2021-03-16,2:00:42",58,30,40,6,Truck,44,BN,Right
45,"2021-03-16,2:00:43",97,36,20,6,Bike,45,BN,Left
46,"2021-03-16,2:00:44",33,31,40,12,Person,46,BN,Right
47,"2021-03-16,2:00:45",72,100,40,9,Bus,47,BN,Left
48,"2021-03-16,2:00:46",91,14,30,9,Person,48,BN,Left
49,"2021-03-16,2:00:47",46,46,30,15,Car,49,BN,Left
50,"2021-03-16,2:00:48",89,1,20,12,Bus,50,BN,Left
51,"2021-03-16,2:00:49",89,26,45,6,Car,51,BN,Right
52,"2021-03-16,2:00:50",87,87,35,27,Bus,52,BN,Left
53,"2021-03-16,2:00:51",35,44,10,3,Car,53,BN,Left
54,"2021-03-16,2:00:52",8,13,5,24,Car,54,BN,Right
55,"2021-03-16,2:00:53",69,31,10,6,Truck,55,BN,Right
56,"2021-03-16,2:00:54",53,29,20,6,Bike,56,BN,Right
57,"2021-03-16,2:00:55",54,89,45,9,Bike,57,BN,Right
58,"2021-03-16,2:00:56",38,98,25,9,Car,58,BN,Left
59,"2021-03-16,2:00:57",56,61,45,30,Car,59,BN,Left
60,"2021-03-16,2:00:58",59,96,5,30,Bus,60,BN,Left
61,"2021-03-16,2:00:59",100,91,25,21,Bike,61,BN,Left
62,"2021-03-16,2:00:60",1,2,5,24,Truck,62,BN,Left
63,"2021-03-16,2:00:61",65,42,35,12,Bus,63,BN,Left
64,"2021-03-16,2:00:62",97,6,5,3,Person,64,BN,Left
65,"2021-03-16,2:00:63",13,55,20,12,Bus,65,BN,Right
66,"2021-03-16,2:00:64",88,8,15,3,Person,66,BN,Left
67,"2021-03-16,2:00:65",63,81,30,18,Bus,67,BN,Left
68,"2021-03-16,2:00:66",66,15,40,6,Bike,68,BN,Right
69,"2021-03-16,2:00:67",80,66,35,27,Bike,69,BN,Left
70,"2021-03-16,2:00:68",13,18,10,6,Person,70,BN,Left
71,"2021-03-16,2:00:69",21,39,15,27,Truck,71,BN,Left
72,"2021-03-16,2:00:70",81,63,35,18,Bike,72,BN,Left
73,"2021-03-16,2:00:71",80,9,30,24,Bike,73,BN,Left
74,"2021-03-16,2:00:72",100,5,25,30,Bus,74,BN,Left
75,"2021-03-16,2:00:73",17,73,50,3,Car,75,BN,Right
76,"2021-03-16,2:00:74",96,15,15,15,Truck,76,BN,Left
77,"2021-03-16,2:00:75",78,66,10,15,Bus,77,BN,Right
78,"2021-03-16,2:00:76",77,15,20,24,Car,78,BN,Right
79,"2021-03-16,2:00:77",61,16,15,6,Bus,79,BN,Left
80,"2021-03-16,2:00:78",42,10,50,18,Car,80,BN,Right
81,"2021-03-16,2:00:79",82,15,25,24,Person,81,BN,Right
82,"2021-03-16,2:00:80",49,52,50,15,Car,82,BN,Right
83,"2021-03-16,2:00:81",78,40,5,18,Bus,83,BN,Left
84,"2021-03-16,2:00:82",68,43,10,30,Person,84,BN,Left
85,"2021-03-16,2:00:83",18,13,25,30,Bus,85,BN,Left
86,"2021-03-16,2:00:84",32,96,10,18,Bike,86,BN,Right
87,"2021-03-16,2:00:85",50,48,50,18,Bus,87,BN,Right
88,"2021-03-16,2:00:86",78,1,35,15,Car,88,BN,Right
89,"2021-03-16,2:00:87",45,8,45,30,Truck,89,BN,Left
90,"2021-03-16,2:00:88",75,94,5,9,Bike,90,BN,Left
91,"2021-03-16,2:00:89",26,49,35,18,Car,91,BN,Left
92,"2021-03-16,2:00:90",17,7,25,12,Car,92,BN,Left
93,"2021-03-16,2:00:91",43,28,40,27,Bike,93,BN,Left
94,"2021-03-16,2:00:92",62,42,35,15,Car,94,BN,Left
95,"2021-03-16,2:00:93",96,92,25,30,Car,95,BN,Right
96,"2021-03-16,2:00:94",76,60,40,24,Car,96,BN,Right
97,"2021-03-16,2:00:95",81,34,35,15,Person,97,BN,Right
98,"2021-03-16,2:00:96",7,61,10,21,Truck,98,BN,Right
99,"2021-03-16,2:00:97",56,13,50,12,Truck,99,BN,Left
100,"2021-03-16,2:00:98",88,79,35,12,Bike,100,BN,Left
101,"2021-03-16,2:00:99",32,25,35,18,Truck,101,BN,Right
102,"2021-03-16,2:00:100",54,54,10,6,Car,102,BN,Left
103,"2021-03-16,2:00:101",93,8,45,3,Bus,103,BN,Right
104,"2021-03-16,2:00:102",52,47,15,24,Bus,104,BN,Right
105,"2021-03-16,2:00:103",57,82,50,9,Bike,105,BN,Left
106,"2021-03-16,2:00:104",92,80,45,12,Bike,106,BN,Left
107,"2021-03-16,2:00:105",81,15,30,24,Truck,107,BN,Left
108,"2021-03-16,2:00:106",31,72,45,30,Truck,108,BN,Right
109,"2021-03-16,2:00:107",23,50,30,21,Bike,109,BN,Left
110,"2021-03-16,2:00:108",1,79,20,6,Car,110,BN,Left
111,"2021-03-16,2:00:109",53,83,30,9,Bike,111,BN,Left
112,"2021-03-16,2:00:110",53,50,45,15,Person,112,BN,Left
113,"2021-03-16,2:00:111",21,87,40,30,Bus,113,BN,Left
114,"2021-03-16,2:00:112",94,38,15,18,Truck,114,BN,Right
115,"2021-03-16,2:00:113",91,6,40,15,Person,115,BN,Right
116,"2021-03-16,2:00:114",71,44,20,3,Person,116,BN,Left
117,"2021-03-16,2:00:115",69,9,30,3,Truck,117,BN,Left
118,"2021-03-16,2:00:116",12,3,45,9,Car,118,BN,Right
119,"2021-03-16,2:00:117",58,70,10,9,Truck,119,BN,Right
120,"2021-03-16,2:00:118",85,85,15,6,Car,120,BN,Right
121,"2021-03-16,2:00:119",24,11,30,9,Bus,121,BN,Left
122,"2021-03-16,2:00:120",45,70,45,24,Truck,122,BN,Left
123,"2021-03-16,2:00:121",32,17,20,27,Bike,123,BN,Right
124,"2021-03-16,2:00:122",41,38,45,18,Bus,124,BN,Right
125,"2021-03-16,2:00:123",88,50,50,6,Truck,125,BN,Left
126,"2021-03-16,2:00:124",87,64,40,12,Car,126,BN,Left
127,"2021-03-16,2:00:125",64,24,45,27,Bus,127,BN,Right
128,"2021-03-16,2:00:126",37,61,25,18,Car,128,BN,Left
129,"2021-03-16,2:00:127",96,24,45,30,Truck,129,BN,Left
130,"2021-03-16,2:00:128",60,44,5,21,Car,130,BN,Left
131,"2021-03-16,2:00:129",79,48,40,3,Truck,131,BN,Right
132,"2021-03-16,2:00:130",16,15,50,12,Truck,132,BN,Left
133,"2021-03-16,2:00:131",87,38,50,9,Person,133,BN,Left
134,"2021-03-16,2:00:132",88,1,15,30,Car,134,BN,Right
135,"2021-03-16,2:00:133",36,7,15,18,Truck,135,BN,Left
136,"2021-03-16,2:00:134",71,18,20,30,Bus,136,BN,Right
137,"2021-03-16,2:00:135",67,17,20,9,Bike,137,BN,Right
138,"2021-03-16,2:00:136",52,37,5,15,Truck,138,BN,Left
139,"2021-03-16,2:00:137",35,34,25,9,Person,139,BN,Right
140,"2021-03-16,2:00:138",11,40,10,18,Truck,140,BN,Left
141,"2021-03-16,2:00:139",55,97,50,9,Bus,141,BN,Right
142,"2021-03-16,2:00:140",55,7,25,9,Bike,142,BN,Right
143,"2021-03-16,2:00:141",43,85,45,21,Bike,143,BN,Left
144,"2021-03-16,2:00:142",22,25,10,24,Bus,144,BN,Right
145,"2021-03-16,2:00:143",69,52,10,12,Bike,145,BN,Right
146,"2021-03-16,2:00:144",85,81,40,6,Truck,146,BN,Right
147,"2021-03-16,2:00:145",41,58,15,18,Truck,147,BN,Right
148,"2021-03-16,2:00:146",61,25,10,30,Person,148,BN,Right
149,"2021-03-16,2:00:147",3,71,10,12,Person,149,BN,Right
150,"2021-03-16,2:00:148",28,50,40,30,Person,150,BN,Left
151,"2021-03-16,2:00:149",69,29,35,24,Car,151,BN,Right
152,"2021-03-16,2:00:150",83,37,45,18,Truck,152,BN,Right
153,"2021-03-16,2:00:151",39,59,5,15,Car,153,BN,Left
154,"2021-03-16,2:00:152",13,77,15,30,Person,154,BN,Right
155,"2021-03-16,2:00:153",43,25,30,30,Truck,155,BN,Right
156,"2021-03-16,2:00:154",52,22,45,15,Bus,156,BN,Right
157,"2021-03-16,2:00:155",67,50,25,9,Person,157,BN,Right
158,"2021-03-16,2:00:156",90,16,45,18,Bike,158,BN,Left
159,"2021-03-16,2:00:157",31,12,45,6,Truck,159,BN,Right
160,"2021-03-16,2:00:158",89,31,10,6,Bike,160,BN,Left
161,"2021-03-16,2:00:159",74,89,15,9,Bike,161,BN,Left
162,"2021-03-16,2:00:160",30,85,50,12,Bus,162,BN,Left
163,"2021-03-16,2:00:161",41,40,40,21,Person,163,BN,Left
164,"2021-03-16,2:00:162",64,9,45,24,Bus,164,BN,Right
165,"2021-03-16,2:00:163",53,41,40,12,Bus,165,BN,Right
166,"2021-03-16,2:00:164",67,66,45,24,Car,166,BN,Left
167,"2021-03-16,2:00:165",45,15,15,6,Car,167,BN,Right
168,"2021-03-16,2:00:166",46,45,40,21,Car,168,BN,Right
169,"2021-03-16,2:00:167",68,50,25,18,Car,169,BN,Right
170,"2021-03-16,2:00:168",89,48,25,15,Car,170,BN,Left
171,"2021-03-16,2:00:169",43,58,5,21,Bike,171,BN,Right
172,"2021-03-16,2:00:170",35,95,20,9,Bike,172,BN,Left
173,"2021-03-16,2:00:171",24,9,5,21,Truck,173,BN,Right
174,"2021-03-16,2:00:172",58,66,50,6,Car,174,BN,Right
175,"2021-03-16,2:00:173",98,51,40,12,Bike,175,BN,Left
176,"2021-03-16,2:00:174",97,78,40,30,Person,176,BN,Left
177,"2021-03-16,2:00:175",80,64,40,9,Car,177,BN,Right
178,"2021-03-16,2:00:176",68,99,5,21,Truck,178,BN,Right
179,"2021-03-16,2:00:177",9,70,10,3,Bike,179,BN,Left
180,"2021-03-16,2:00:178",84,29,20,6,Truck,180,BN,Right
181,"2021-03-16,2:00:179",63,36,45,18,Bike,181,BN,Left
182,"2021-03-16,2:00:180",74,36,15,15,Car,182,BN,Right
183,"2021-03-16,2:00:181",54,28,15,27,Bike,183,BN,Left
184,"2021-03-16,2:00:182",44,57,30,9,Bus,184,BN,Right
185,"2021-03-16,2:00:183",33,13,35,30,Bike,185,BN,Right
186,"2021-03-16,2:00:184",4,58,35,3,Truck,186,BN,Right
187,"2021-03-16,2:00:185",94,90,20,21,Bus,187,BN,Right
188,"2021-03-16,2:00:186",41,66,20,9,Bus,188,BN,Left
189,"2021-03-16,2:00:187",89,48,15,3,Bike,189,BN,Right
190,"2021-03-16,2:00:188",17,39,15,21,Car,190,BN,Left
191,"2021-03-16,2:00:189",2,60,30,18,Person,191,BN,Right
192,"2021-03-16,2:00:190",68,50,15,18,Truck,192,BN,Left
193,"2021-03-16,2:00:191",85,5,20,30,Bike,193,BN,Left
194,"2021-03-16,2:00:192",52,81,20,12,Bike,194,BN,Right
195,"2021-03-16,2:00:193",51,3,30,12,Bus,195,BN,Right
196,"2021-03-16,2:00:194",93,14,15,12,Bus,196,BN,Left
197,"2021-03-16,2:00:195",98,69,5,27,Person,197,BN,Right
198,"2021-03-16,2:00:196",23,25,45,30,Bus,198,BN,Right
199,"2021-03-16,2:00:197",88,100,30,21,Bus,199,BN,Left
200,"2021-03-16,2:00:198",68,50,25,3,Bike,200,BN,Left
201,"2021-03-16,2:00:199",97,89,40,15,Car,201,BN,Left
202,"2021-03-16,2:00:200",57,98,15,6,Person,202,BN,Right
203,"2021-03-16,2:00:201",48,86,15,27,Truck,203,BN,Left
204,"2021-03-16,2:00:202",96,23,20,24,Person,204,BN,Left
205,"2021-03-16,2:00:203",56,23,30,30,Car,205,BN,Left
206,"2021-03-16,2:00:204",24,41,25,18,Bike,206,BN,Left
207,"2021-03-16,2:00:205",90,99,30,3,Bus,207,BN,Left
208,"2021-03-16,2:00:206",10,98,30,24,Truck,208,BN,Left
209,"2021-03-16,2:00:207",75,15,20,12,Car,209,BN,Left
210,"2021-03-16,2:00:208",88,82,5,27,Truck,210,BN,Right
211,"2021-03-16,2:00:209",20,24,30,15,Bike,211,BN,Left
212,"2021-03-16,2:00:210",62,64,25,21,Truck,212,BN,Right
213,"2021-03-16,2:00:211",71,4,30,30,Bus,213,BN,Left
214,"2021-03-16,2:00:212",94,41,40,3,Bike,214,BN,Left
215,"2021-03-16,2:00:213",81,44,40,9,Bus,215,BN,Right
216,"2021-03-16,2:00:214",63,66,45,3,Person,216,BN,Left
217,"2021-03-16,2:00:215",56,5,5,6,Truck,217,BN,Right
218,"2021-03-16,2:00:216",40,95,10,24,Bike,218,BN,Right
219,"2021-03-16,2:00:217",88,57,30,3,Car,219,BN,Right
220,"2021-03-16,2:00:218",57,5,45,27,Car,220,BN,Right
221,"2021-03-16,2:00:219",48,56,15,18,Car,221,BN,Left
222,"2021-03-16,2:00:220",43,11,15,18,Car,222,BN,Right
223,"2021-03-16,2:00:221",18,83,50,15,Truck,223,BN,Left
224,"2021-03-16,2:00:222",31,12,20,27,Bus,224,BN,Right
225,"2021-03-16,2:00:223",28,42,10,6,Bus,225,BN,Right
226,"2021-03-16,2:00:224",35,70,15,3,Truck,226,BN,Left
227,"2021-03-16,2:00:225",39,34,20,27,Car,227,BN,Left
228,"2021-03-16,2:00:226",37,18,20,9,Bus,228,BN,Right
229,"2021-03-16,2:00:227",35,36,30,12,Bus,229,BN,Left
230,"2021-03-16,2:00:228",9,24,45,12,Bike,230,BN,Left
231,"2021-03-16,2:00:229",79,94,25,18,Person,231,BN,Right
232,"2021-03-16,2:00:230",45,3,15,12,Car,232,BN,Left
233,"2021-03-16,2:00:231",56,89,15,9,Person,233,BN,Right
234,"2021-03-16,2:00:232",16,5,10,18,Bike,234,BN,Left
235,"2021-03-16,2:00:233",81,4,5,24,Person,235,BN,Right
236,"2021-03-16,2:00:234",78,43,25,9,Person,236,BN,Left
237,"2021-03-16,2:00:235",37,48,50,12,Bus,237,BN,Right
238,"2021-03-16,2:00:236",58,9,10,27,Person,238,BN,Right
239,"2021-03-16,2:00:237",69,11,50,24,Truck,239,BN,Left
240,"2021-03-16,2:00:238",4,42,50,30,Bike,240,BN,Left
241,"2021-03-16,2:00:239",18,67,35,12,Person,241,BN,Left
242,"2021-03-16,2:00:240",19,2,40,9,Car,242,BN,Right
243,"2021-03-16,2:00:241",3,65,25,24,Car,243,BN,Left
244,"2021-03-16,2:00:242",21,50,25,30,Car,244,BN,Left
245,"2021-03-16,2:00:243",60,7,45,3,Bike,245,BN,Left
246,"2021-03-16,2:00:244",85,31,50,24,Bus,246,BN,Right
247,"2021-03-16,2:00:245",24,71,15,24,Person,247,BN,Right
248,"2021-03-16,2:00:246",23,87,15,15,Person,248,BN,Left
249,"2021-03-16,2:00:247",13,83,15,9,Bike,249,BN,Right
250,"2021-03-16,2:00:248",28,71,25,3,Person,250,BN,Left
251,"2021-03-16,2:00:249",97,83,40,12,Bus,251,BN,Right
252,"2021-03-16,2:00:250",39,90,35,12,Bike,252,BN,Right
253,"2021-03-16,2:00:251",76,19,5,9,Truck,253,BN,Right
254,"2021-03-16,2:00:252",83,42,20,12,Bike,254,BN,Right
255,"2021-03-16,2:00:253",27,67,50,3,Car,255,BN,Right
256,"2021-03-16,2:00:254",62,38,50,15,Truck,256,BN,Left
257,"2021-03-16,2:00:255",92,20,5,15,Person,257,BN,Left
258,"2021-03-16,2:00:256",6,53,5,27,Bike,258,BN,Right
259,"2021-03-16,2:00:257",90,6,15,21,Bus,259,BN,Right
260,"2021-03-16,2:00:258",66,2,5,18,Car,260,BN,Left
261,"2021-03-16,2:00:259",86,23,30,3,Bike,261,BN,Right
262,"2021-03-16,2:00:260",95,37,40,18,Bus,262,BN,Left
263,"2021-03-16,2:00:261",8,67,40,6,Person,263,BN,Right
264,"2021-03-16,2:00:262",80,89,25,6,Car,264,BN,Right
265,"2021-03-16,2:00:263",79,60,15,24,Bike,265,BN,Left
266,"2021-03-16,2:00:264",14,16,20,30,Truck,266,BN,Left
267,"2021-03-16,2:00:265",29,12,30,21,Bus,267,BN,Right
268,"2021-03-16,2:00:266",56,11,40,12,Car,268,BN,Left
269,"2021-03-16,2:00:267",38,59,25,15,Truck,269,BN,Left
270,"2021-03-16,2:00:268",58,4,45,15,Person,270,BN,Left
271,"2021-03-16,2:00:269",82,44,20,27,Truck,271,BN,Right
272,"2021-03-16,2:00:270",28,88,20,3,Bike,272,BN,Left
273,"2021-03-16,2:00:271",18,97,10,9,Bus,273,BN,Right
274,"2021-03-16,2:00:272",42,61,30,24,Person,274,BN,Right
275,"2021-03-16,2:00:273",4,93,30,27,Person,275,BN,Right
276,"2021-03-16,2:00:274",55,28,40,27,Truck,276,BN,Right
277,"2021-03-16,2:00:275",66,4,35,27,Car,277,BN,Left
278,"2021-03-16,2:00:276",98,47,35,30,Bike,278,BN,Left
279,"2021-03-16,2:00:277",3,44,30,15,Truck,279,BN,Right
280,"2021-03-16,2:00:278",62,54,40,21,Person,280,BN,Left
281,"2021-03-16,2:00:279",89,5,20,18,Person,281,BN,Right
282,"2021-03-16,2:00:280",69,13,25,30,Truck,282,BN,Left
283,"2021-03-16,2:00:281",18,53,10,3,Person,283,BN,Left
284,"2021-03-16,2:00:282",52,99,45,3,Bus,284,BN,Right
285,"2021-03-16,2:00:283",17,73,35,24,Car,285,BN,Right
286,"2021-03-16,2:00:284",49,18,45,18,Car,286,BN,Right
287,"2021-03-16,2:00:285",49,82,35,6,Bike,287,BN,Right
288,"2021-03-16,2:00:286",25,60,20,18,Person,288,BN,Right
289,"2021-03-16,2:00:287",22,19,45,9,Car,289,BN,Right
290,"2021-03-16,2:00:288",75,17,5,18,Bus,290,BN,Left
291,"2021-03-16,2:00:289",70,99,30,24,Bus,291,BN,Left
292,"2021-03-16,2:00:290",32,62,25,27,Bus,292,BN,Left
293,"2021-03-16,2:00:291",37,43,40,27,Person,293,BN,Left
294,"2021-03-16,2:00:292",93,19,30,21,Car,294,BN,Left
295,"2021-03-16,2:00:293",77,5,20,15,Person,295,BN,Right
296,"2021-03-16,2:00:294",83,87,5,24,Truck,296,BN,Right
297,"2021-03-16,2:00:295",59,76,20,12,Bike,297,BN,Right
298,"2021-03-16,2:00:296",89,31,10,9,Person,298,BN,Right
299,"2021-03-16,2:00:297",61,44,50,6,Bus,299,BN,Left
300,"2021-03-16,2:00:298",24,88,10,6,Truck,300,BN,Right
301,"2021-03-16,2:00:299",83,19,5,3,Car,301,BN,Left
302,"2021-03-16,2:00:300",76,94,15,9,Truck,302,BN,Right
303,"2021-03-16,2:00:301",61,33,35,18,Bike,303,BN,Left
304,"2021-03-16,2:00:302",48,15,20,9,Person,304,BN,Left
305,"2021-03-16,2:00:303",80,55,35,12,Person,305,BN,Left
306,"2021-03-16,2:00:304",85,87,30,24,Bus,306,BN,Left
307,"2021-03-16,2:00:305",99,30,40,24,Person,307,BN,Right
308,"2021-03-16,2:00:306",68,67,30,27,Person,308,BN,Right
309,"2021-03-16,2:00:307",69,82,25,30,Bus,309,BN,Right
310,"2021-03-16,2:00:308",32,4,5,21,Bike,310,BN,Left
311,"2021-03-16,2:00:309",99,21,35,21,Person,311,BN,Left
312,"2021-03-16,2:00:310",68,62,35,15,Bike,312,BN,Right
313,"2021-03-16,2:00:311",93,12,25,18,Person,313,BN,Right
314,"2021-03-16,2:00:312",97,52,20,24,Person,314,BN,Right
315,"2021-03-16,2:00:313",99,35,15,21,Truck,315,BN,Right
316,"2021-03-16,2:00:314",53,70,50,27,Truck,316,BN,Left
317,"2021-03-16,2:00:315",39,12,25,3,Person,317,BN,Left
318,"2021-03-16,2:00:316",23,16,40,30,Person,318,BN,Left
319,"2021-03-16,2:00:317",13,43,15,15,Car,319,BN,Left
320,"2021-03-16,2:00:318",50,7,40,30,Bike,320,BN,Right
321,"2021-03-16,2:00:319",20,17,15,9,Person,321,BN,Right
322,"2021-03-16,2:00:320",52,94,35,15,Bike,322,BN,Left
323,"2021-03-16,2:00:321",40,78,10,12,Truck,323,BN,Left
324,"2021-03-16,2:00:322",31,62,25,24,Bus,324,BN,Right
325,"2021-03-16,2:00:323",97,84,25,3,Person,325,BN,Right
326,"2021-03-16,2:00:324",66,92,35,18,Person,326,BN,Left
327,"2021-03-16,2:00:325",40,81,5,30,Car,327,BN,Right
328,"2021-03-16,2:00:326",54,83,40,18,Truck,328,BN,Right
329,"2021-03-16,2:00:327",62,37,15,15,Bus,329,BN,Right
330,"2021-03-16,2:00:328",30,65,20,12,Bus,330,BN,Left
331,"2021-03-16,2:00:329",69,48,30,18,Bus,331,BN,Left
332,"2021-03-16,2:00:330",59,7,20,15,Truck,332,BN,Right
333,"2021-03-16,2:00:331",98,32,45,21,Car,333,BN,Right
334,"2021-03-16,2:00:332",93,100,10,3,Car,334,BN,Left
335,"2021-03-16,2:00:333",70,99,15,24,Car,335,BN,Left
336,"2021-03-16,2:00:334",67,42,35,12,Bike,336,BN,Left
337,"2021-03-16,2:00:335",66,59,10,6,Car,337,BN,Left
338,"2021-03-16,2:00:336",100,7,30,30,Car,338,BN,Left
339,"2021-03-16,2:00:337",54,40,50,9,Car,339,BN,Right
340,"2021-03-16,2:00:338",41,13,20,21,Bike,340,BN,Right
341,"2021-03-16,2:00:339",10,34,15,6,Truck,341,BN,Right
342,"2021-03-16,2:00:340",67,40,25,15,Person,342,BN,Right
343,"2021-03-16,2:00:341",93,66,15,21,Bus,343,BN,Left
344,"2021-03-16,2:00:342",74,100,20,24,Bus,344,BN,Left
345,"2021-03-16,2:00:343",36,26,30,3,Truck,345,BN,Left
346,"2021-03-16,2:00:344",36,2,25,21,Bike,346,BN,Left
347,"2021-03-16,2:00:345",10,36,25,18,Car,347,BN,Right
348,"2021-03-16,2:00:346",34,3,45,12,Person,348,BN,Left
349,"2021-03-16,2:00:347",35,41,45,18,Bus,349,BN,Right
350,"2021-03-16,2:00:348",77,23,20,12,Person,350,BN,Right
351,"2021-03-16,2:00:349",11,19,35,12,Person,351,BN,Right
352,"2021-03-16,2:00:350",97,22,30,30,Bus,352,BN,Left
353,"2021-03-16,2:00:351",70,38,45,3,Bus,353,BN,Right
354,"2021-03-16,2:00:352",9,49,40,15,Bike,354,BN,Right
355,"2021-03-16,2:00:353",98,71,45,12,Bike,355,BN,Right
356,"2021-03-16,2:00:354",99,57,25,18,Bike,356,BN,Right
357,"2021-03-16,2:00:355",42,71,40,18,Bike,357,BN,Left
358,"2021-03-16,2:00:356",35,54,45,27,Bike,358,BN,Left
359,"2021-03-16,2:00:357",97,51,20,9,Truck,359,BN,Left
360,"2021-03-16,2:00:358",61,21,50,24,Bike,360,BN,Left
361,"2021-03-16,2:00:359",46,9,25,3,Bike,361,BN,Right
362,"2021-03-16,2:00:360",65,90,5,9,Car,362,BN,Left
363,"2021-03-16,2:00:361",17,44,5,30,Person,363,BN,Left
364,"2021-03-16,2:00:362",78,91,20,6,Person,364,BN,Right
365,"2021-03-16,2:00:363",80,99,40,12,Truck,365,BN,Left
366,"2021-03-16,2:00:364",51,50,10,3,Person,366,BN,Right
367,"2021-03-16,2:00:365",88,85,20,3,Car,367,BN,Right
368,"2021-03-16,2:00:366",35,67,15,3,Person,368,BN,Left
369,"2021-03-16,2:00:367",51,67,15,15,Car,369,BN,Right
370,"2021-03-16,2:00:368",51,41,30,30,Person,370,BN,Right
371,"2021-03-16,2:00:369",63,100,50,6,Person,371,BN,Right
372,"2021-03-16,2:00:370",69,78,35,9,Car,372,BN,Right
373,"2021-03-16,2:00:371",12,91,10,6,Car,373,BN,Right
374,"2021-03-16,2:00:372",15,87,20,24,Person,374,BN,Left
375,"2021-03-16,2:00:373",2,8,30,21,Bike,375,BN,Left
376,"2021-03-16,2:00:374",76,83,10,27,Truck,376,BN,Left
377,"2021-03-16,2:00:375",4,42,10,24,Person,377,BN,Left
378,"2021-03-16,2:00:376",52,37,35,18,Truck,378,BN,Right
379,"2021-03-16,2:00:377",86,53,20,15,Bike,379,BN,Right
380,"2021-03-16,2:00:378",18,60,40,18,Car,380,BN,Right
381,"2021-03-16,2:00:379",34,68,35,15,Car,381,BN,Left
382,"2021-03-16,2:00:380",74,25,40,6,Bus,382,BN,Right
383,"2021-03-16,2:00:381",21,16,40,9,Bike,383,BN,Left
384,"2021-03-16,2:00:382",25,60,45,12,Person,384,BN,Right
385,"2021-03-16,2:00:383",40,41,50,3,Truck,385,BN,Left
386,"2021-03-16,2:00:384",89,15,30,6,Bike,386,BN,Right
387,"2021-03-16,2:00:385",19,9,20,27,Bus,387,BN,Left
388,"2021-03-16,2:00:386",87,15,10,12,Truck,388,BN,Right
389,"2021-03-16,2:00:387",11,30,40,27,Bike,389,BN,Left
390,"2021-03-16,2:00:388",64,71,40,27,Car,390,BN,Right
391,"2021-03-16,2:00:389",79,56,20,24,Bus,391,BN,Left
392,"2021-03-16,2:00:390",9,68,30,3,Bike,392,BN,Left
393,"2021-03-16,2:00:391",88,78,25,30,Person,393,BN,Right
394,"2021-03-16,2:00:392",25,60,5,18,Car,394,BN,Left
395,"2021-03-16,2:00:393",96,18,40,3,Person,395,BN,Left
396,"2021-03-16,2:00:394",20,3,20,21,Truck,396,BN,Left
397,"2021-03-16,2:00:395",2,17,15,6,Truck,397,BN,Right
398,"2021-03-16,2:00:396",85,72,40,15,Car,398,BN,Right
399,"2021-03-16,2:00:397",99,93,30,21,Bike,399,BN,Right
400,"2021-03-16,2:00:398",83,41,5,3,Truck,400,BN,Right
401,"2021-03-16,2:00:399",72,100,45,6,Bike,401,BN,Right
402,"2021-03-16,2:00:400",32,84,5,15,Person,402,BN,Left
403,"2021-03-16,2:00:401",47,8,10,27,Bike,403,BN,Left
404,"2021-03-16,2:00:402",19,94,40,9,Truck,404,BN,Left
405,"2021-03-16,2:00:403",52,11,25,30,Truck,405,BN,Left
406,"2021-03-16,2:00:404",19,98,45,18,Bus,406,BN,Left
407,"2021-03-16,2:00:405",5,7,15,12,Truck,407,BN,Left
408,"2021-03-16,2:00:406",61,90,40,12,Person,408,BN,Left
409,"2021-03-16,2:00:407",14,97,25,9,Person,409,BN,Right
410,"2021-03-16,2:00:408",93,34,45,9,Person,410,BN,Right
411,"2021-03-16,2:00:409",7,20,10,12,Car,411,BN,Right
412,"2021-03-16,2:00:410",27,61,5,24,Person,412,BN,Right
413,"2021-03-16,2:00:411",86,9,15,21,Car,413,BN,Right
414,"2021-03-16,2:00:412",74,3,5,15,Person,414,BN,Right
415,"2021-03-16,2:00:413",37,20,20,21,Car,415,BN,Left
416,"2021-03-16,2:00:414",85,85,30,9,Car,416,BN,Right
417,"2021-03-16,2:00:415",25,77,15,3,Bus,417,BN,Left
418,"2021-03-16,2:00:416",8,2,25,18,Bike,418,BN,Right
419,"2021-03-16,2:00:417",62,60,25,15,Person,419,BN,Right
420,"2021-03-16,2:00:418",60,2,10,30,Truck,420,BN,Right
421,"2021-03-16,2:00:419",83,54,25,21,Bus,421,BN,Left
422,"2021-03-16,2:00:420",7,17,40,6,Bike,422,BN,Right
423,"2021-03-16,2:00:421",21,51,15,18,Bike,423,BN,Left
424,"2021-03-16,2:00:422",99,44,50,24,Car,424,BN,Right
425,"2021-03-16,2:00:423",22,57,15,21,Truck,425,BN,Right
426,"2021-03-16,2:00:424",75,34,50,3,Car,426,BN,Left
427,"2021-03-16,2:00:425",18,74,45,18,Bus,427,BN,Left
428,"2021-03-16,2:00:426",43,96,10,6,Person,428,BN,Left
429,"2021-03-16,2:00:427",7,81,50,12,Car,429,BN,Left
430,"2021-03-16,2:00:428",52,99,30,6,Bus,430,BN,Right
431,"2021-03-16,2:00:429",86,7,5,15,Truck,431,BN,Left
432,"2021-03-16,2:00:430",89,9,5,24,Bike,432,BN,Left
433,"2021-03-16,2:00:431",74,5,15,27,Bus,433,BN,Left
434,"2021-03-16,2:00:432",16,8,40,27,Truck,434,BN,Right
435,"2021-03-16,2:00:433",57,62,45,21,Truck,435,BN,Left
436,"2021-03-16,2:00:434",87,63,35,24,Bus,436,BN,Right
437,"2021-03-16,2:00:435",53,42,40,3,Car,437,BN,Left
438,"2021-03-16,2:00:436",72,57,15,6,Person,438,BN,Left
439,"2021-03-16,2:00:437",37,91,15,9,Car,439,BN,Left
440,"2021-03-16,2:00:438",5,40,40,3,Bus,440,BN,Left
441,"2021-03-16,2:00:439",6,9,30,27,Bus,441,BN,Right
442,"2021-03-16,2:00:440",98,82,5,24,Bike,442,BN,Right
443,"2021-03-16,2:00:441",71,16,40,21,Bus,443,BN,Left
444,"2021-03-16,2:00:442",78,46,30,27,Truck,444,BN,Right
445,"2021-03-16,2:00:443",88,75,40,3,Bike,445,BN,Left
446,"2021-03-16,2:00:444",99,20,25,21,Bus,446,BN,Left
447,"2021-03-16,2:00:445",26,52,25,6,Person,447,BN,Left
448,"2021-03-16,2:00:446",58,80,40,24,Bus,448,BN,Right
449,"2021-03-16,2:00:447",80,20,35,12,Person,449,BN,Right
450,"2021-03-16,2:00:448",92,96,50,21,Bus,450,BN,Left
451,"2021-03-16,2:00:449",96,61,20,30,Bus,451,BN,Left
452,"2021-03-16,2:00:450",77,14,35,24,Bus,452,BN,Left
453,"2021-03-16,2:00:451",81,92,45,12,Car,453,BN,Left
454,"2021-03-16,2:00:452",91,74,25,3,Bike,454,BN,Right
455,"2021-03-16,2:00:453",69,15,10,3,Bike,455,BN,Left
456,"2021-03-16,2:00:454",81,25,30,3,Bus,456,BN,Right
457,"2021-03-16,2:00:455",40,18,35,9,Bike,457,BN,Left
458,"2021-03-16,2:00:456",47,44,30,15,Person,458,BN,Left
459,"2021-03-16,2:00:457",94,21,5,9,Person,459,BN,Right
460,"2021-03-16,2:00:458",97,1,50,9,Bike,460,BN,Left
461,"2021-03-16,2:00:459",58,90,25,27,Bus,461,BN,Right
462,"2021-03-16,2:00:460",1,100,45,15,Truck,462,BN,Left
463,"2021-03-16,2:00:461",22,46,25,15,Bus,463,BN,Right
464,"2021-03-16,2:00:462",32,94,30,27,Car,464,BN,Left
465,"2021-03-16,2:00:463",16,65,20,3,Bus,465,BN,Left
466,"2021-03-16,2:00:464",12,51,5,30,Car,466,BN,Right
467,"2021-03-16,2:00:465",49,88,15,3,Person,467,BN,Left
468,"2021-03-16,2:00:466",88,68,5,18,Person,468,BN,Left
469,"2021-03-16,2:00:467",2,33,20,6,Truck,469,BN,Right
470,"2021-03-16,2:00:468",45,19,25,15,Car,470,BN,Right
471,"2021-03-16,2:00:469",37,41,30,30,Car,471,BN,Left
472,"2021-03-16,2:00:470",14,57,35,21,Bike,472,BN,Right
473,"2021-03-16,2:00:471",15,37,50,27,Truck,473,BN,Right
474,"2021-03-16,2:00:472",94,45,20,18,Bus,474,BN,Right
475,"2021-03-16,2:00:473",61,31,50,6,Bus,475,BN,Left
476,"2021-03-16,2:00:474",51,99,15,21,Truck,476,BN,Left
477,"2021-03-16,2:00:475",89,57,45,27,Bike,477,BN,Left
478,"2021-03-16,2:00:476",59,19,5,24,Person,478,BN,Left
479,"2021-03-16,2:00:477",12,59,50,24,Bike,479,BN,Left
480,"2021-03-16,2:00:478",8,90,50,3,Person,480,BN,Left
481,"2021-03-16,2:00:479",27,7,45,12,Car,481,BN,Right
482,"2021-03-16,2:00:480",4,49,45,21,Truck,482,BN,Left
483,"2021-03-16,2:00:481",95,82,5,21,Car,483,BN,Right
484,"2021-03-16,2:00:482",44,87,10,9,Truck,484,BN,Right
485,"2021-03-16,2:00:483",46,25,40,18,Bus,485,BN,Left
486,"2021-03-16,2:00:484",79,10,20,18,Car,486,BN,Right
487,"2021-03-16,2:00:485",59,94,5,6,Person,487,BN,Right
488,"2021-03-16,2:00:486",72,15,50,9,Person,488,BN,Left
489,"2021-03-16,2:00:487",72,12,40,15,Car,489,BN,Left
490,"2021-03-16,2:00:488",19,95,45,24,Bike,490,BN,Left
491,"2021-03-16,2:00:489",29,91,35,12,Bike,491,BN,Left
492,"2021-03-16,2:00:490",57,84,45,9,Bus,492,BN,Right
493,"2021-03-16,2:00:491",79,90,20,21,Bike,493,BN,Right
494,"2021-03-16,2:00:492",22,6,25,27,Person,494,BN,Left
495,"2021-03-16,2:00:493",74,99,50,9,Bus,495,BN,Left
496,"2021-03-16,2:00:494",40,86,20,30,Truck,496,BN,Left
497,"2021-03-16,2:00:495",36,58,15,12,Bus,497,BN,Right
498,"2021-03-16,2:00:496",76,5,25,12,Bike,498,BN,Right
499,"2021-03-16,2:00:497",27,66,15,3,Bus,499,BN,Right
500,"2021-03-16,2:00:498",32,91,40,27,Truck,500,BN,Right
501,"2021-03-16,2:00:499",96,44,20,15,Person,501,BN,Right
502,"2021-03-16,2:00:500",67,8,40,27,Person,502,BN,Left
503,"2021-03-16,2:00:501",63,76,15,21,Bus,503,BN,Left
504,"2021-03-16,2:00:502",73,2,45,6,Person,504,BN,Right
505,"2021-03-16,2:00:503",40,4,5,30,Truck,505,BN,Right
506,"2021-03-16,2:00:504",96,24,25,30,Truck,506,BN,Right
507,"2021-03-16,2:00:505",63,73,20,24,Car,507,BN,Right
508,"2021-03-16,2:00:506",67,78,35,12,Person,508,BN,Right
509,"2021-03-16,2:00:507",52,93,25,27,Bike,509,BN,Left
510,"2021-03-16,2:00:508",35,88,20,6,Truck,510,BN,Left
511,"2021-03-16,2:00:509",94,94,40,30,Car,511,BN,Right
512,"2021-03-16,2:00:510",8,11,40,24,Person,512,BN,Left
513,"2021-03-16,2:00:511",78,44,25,21,Bike,513,BN,Right
514,"2021-03-16,2:00:512",25,84,30,18,Person,514,BN,Left
515,"2021-03-16,2:00:513",63,72,30,12,Bus,515,BN,Left
516,"2021-03-16,2:00:514",69,81,20,18,Bus,516,BN,Right
517,"2021-03-16,2:00:515",74,100,45,27,Bus,517,BN,Right
518,"2021-03-16,2:00:516",8,84,45,18,Car,518,BN,Right
519,"2021-03-16,2:00:517",29,74,45,24,Bike,519,BN,Left
520,"2021-03-16,2:00:518",95,10,15,27,Bus,520,BN,Left
521,"2021-03-16,2:00:519",1,81,50,12,Person,521,BN,Left
522,"2021-03-16,2:00:520",56,29,40,9,Bike,522,BN,Left
523,"2021-03-16,2:00:521",84,1,35,15,Bike,523,BN,Right
524,"2021-03-16,2:00:522",74,57,10,18,Bus,524,BN,Left
525,"2021-03-16,2:00:523",47,60,20,27,Bike,525,BN,Right
526,"2021-03-16,2:00:524",3,18,35,6,Person,526,BN,Right
527,"2021-03-16,2:00:525",53,12,25,18,Bus,527,BN,Right
528,"2021-03-16,2:00:526",39,43,15,30,Bike,528,BN,Left
529,"2021-03-16,2:00:527",60,58,30,9,Bus,529,BN,Left
530,"2021-03-16,2:00:528",52,43,15,24,Bike,530,BN,Left
531,"2021-03-16,2:00:529",16,26,10,3,Car,531,BN,Left
532,"2021-03-16,2:00:530",47,94,30,21,Bike,532,BN,Left
533,"2021-03-16,2:00:531",19,13,25,27,Car,533,BN,Right
534,"2021-03-16,2:00:532",51,47,5,21,Car,534,BN,Right
535,"2021-03-16,2:00:533",76,55,30,15,Car,535,BN,Left
536,"2021-03-16,2:00:534",46,32,45,21,Person,536,BN,Left
537,"2021-03-16,2:00:535",30,44,10,3,Person,537,BN,Right
538,"2021-03-16,2:00:536",18,2,30,3,Bike,538,BN,Left
539,"2021-03-16,2:00:537",94,64,50,6,Bike,539,BN,Left
540,"2021-03-16,2:00:538",85,99,10,15,Truck,540,BN,Right
541,"2021-03-16,2:00:539",92,80,5,12,Truck,541,BN,Left
542,"2021-03-16,2:00:540",95,13,5,12,Person,542,BN,Left
543,"2021-03-16,2:00:541",70,44,30,12,Car,543,BN,Left
544,"2021-03-16,2:00:542",43,76,5,6,Person,544,BN,Right
545,"2021-03-16,2:00:543",44,71,25,27,Truck,545,BN,Left
546,"2021-03-16,2:00:544",71,49,40,9,Truck,546,BN,Right
547,"2021-03-16,2:00:545",84,25,20,18,Car,547,BN,Left
548,"2021-03-16,2:00:546",82,13,15,18,Bus,548,BN,Left
549,"2021-03-16,2:00:547",47,78,15,12,Truck,549,BN,Right
550,"2021-03-16,2:00:548",46,50,45,21,Bus,550,BN,Left
551,"2021-03-16,2:00:549",81,90,50,24,Truck,551,BN,Right
552,"2021-03-16,2:00:550",4,27,15,24,Car,552,BN,Left
553,"2021-03-16,2:00:551",42,68,30,27,Person,553,BN,Left
554,"2021-03-16,2:00:552",36,50,30,21,Person,554,BN,Right
555,"2021-03-16,2:00:553",76,68,30,15,Bus,555,BN,Left
556,"2021-03-16,2:00:554",99,55,30,3,Car,556,BN,Right
557,"2021-03-16,2:00:555",47,72,15,24,Person,557,BN,Left
558,"2021-03-16,2:00:556",79,94,10,27,Bike,558,BN,Left
559,"2021-03-16,2:00:557",34,32,40,18,Person,559,BN,Left
560,"2021-03-16,2:00:558",40,6,20,9,Person,560,BN,Right
561,"2021-03-16,2:00:559",97,4,20,18,Bus,561,BN,Right
562,"2021-03-16,2:00:560",51,100,15,27,Bike,562,BN,Left
563,"2021-03-16,2:00:561",42,1,35,15,Truck,563,BN,Left
564,"2021-03-16,2:00:562",50,80,10,21,Truck,564,BN,Right
565,"2021-03-16,2:00:563",11,63,45,12,Person,565,BN,Left
566,"2021-03-16,2:00:564",96,54,40,21,Car,566,BN,Right
567,"2021-03-16,2:00:565",73,53,15,12,Car,567,BN,Left
568,"2021-03-16,2:00:566",69,96,20,30,Bus,568,BN,Right
569,"2021-03-16,2:00:567",27,30,25,21,Truck,569,BN,Left
570,"2021-03-16,2:00:568",81,57,20,3,Bike,570,BN,Right
571,"2021-03-16,2:00:569",15,75,25,27,Person,571,BN,Left
572,"2021-03-16,2:00:570",37,50,20,3,Person,572,BN,Left
573,"2021-03-16,2:00:571",61,41,30,3,Truck,573,BN,Right
574,"2021-03-16,2:00:572",11,95,10,21,Truck,574,BN,Right
575,"2021-03-16,2:00:573",81,32,25,27,Person,575,BN,Left
576,"2021-03-16,2:00:574",93,83,50,3,Person,576,BN,Right
577,"2021-03-16,2:00:575",97,85,35,30,Bus,577,BN,Left
578,"2021-03-16,2:00:576",27,52,5,18,Person,578,BN,Right
579,"2021-03-16,2:00:577",8,25,50,18,Bus,579,BN,Left
580,"2021-03-16,2:00:578",29,23,35,30,Bike,580,BN,Left
581,"2021-03-16,2:00:579",77,36,35,27,Car,581,BN,Left
582,"2021-03-16,2:00:580",96,33,20,15,Bus,582,BN,Right
583,"2021-03-16,2:00:581",60,59,10,21,Truck,583,BN,Right
584,"2021-03-16,2:00:582",63,6,40,24,Bus,584,BN,Right
585,"2021-03-16,2:00:583",81,85,45,15,Person,585,BN,Right
586,"2021-03-16,2:00:584",34,22,10,3,Bus,586,BN,Right
587,"2021-03-16,2:00:585",65,47,50,15,Bike,587,BN,Right
588,"2021-03-16,2:00:586",54,61,30,9,Bus,588,BN,Left
589,"2021-03-16,2:00:587",92,2,35,21,Bike,589,BN,Right
590,"2021-03-16,2:00:588",19,36,10,18,Bus,590,BN,Right
591,"2021-03-16,2:00:589",80,53,35,21,Truck,591,BN,Left
592,"2021-03-16,2:00:590",58,79,20,24,Car,592,BN,Left
593,"2021-03-16,2:00:591",49,4,40,3,Bus,593,BN,Left
594,"2021-03-16,2:00:592",37,52,30,15,Person,594,BN,Left
595,"2021-03-16,2:00:593",24,7,40,9,Truck,595,BN,Left
596,"2021-03-16,2:00:594",4,84,20,18,Car,596,BN,Left
597,"2021-03-16,2:00:595",30,90,20,18,Truck,597,BN,Right
598,"2021-03-16,2:00:596",4,86,5,24,Truck,598,BN,Left
599,"2021-03-16,2:00:597",40,47,25,6,Person,599,BN,Right
600,"2021-03-16,2:00:598",2,69,20,24,Bike,600,BN,Right
601,"2021-03-16,2:00:599",39,19,40,12,Bus,601,BN,Right
602,"2021-03-16,2:00:600",60,94,25,24,Bike,602,BN,Left
603,"2021-03-16,2:00:601",15,59,25,15,Person,603,BN,Right
604,"2021-03-16,2:00:602",50,58,45,9,Bike,604,BN,Right
605,"2021-03-16,2:00:603",73,37,40,15,Bus,605,BN,Right
606,"2021-03-16,2:00:604",13,92,20,9,Person,606,BN,Right
607,"2021-03-16,2:00:605",71,79,45,18,Person,607,BN,Left
608,"2021-03-16,2:00:606",70,85,40,15,Bus,608,BN,Right
609,"2021-03-16,2:00:607",93,27,35,18,Bike,609,BN,Left
610,"2021-03-16,2:00:608",44,1,25,18,Car,610,BN,Left
611,"2021-03-16,2:00:609",90,25,50,24,Bus,611,BN,Right
612,"2021-03-16,2:00:610",45,56,45,24,Truck,612,BN,Left
613,"2021-03-16,2:00:611",59,18,25,18,Car,613,BN,Left
614,"2021-03-16,2:00:612",25,15,25,12,Truck,614,BN,Right
615,"2021-03-16,2:00:613",20,28,45,27,Bus,615,BN,Left
616,"2021-03-16,2:00:614",84,66,25,27,Car,616,BN,Left
617,"2021-03-16,2:00:615",28,47,20,9,Truck,617,BN,Left
618,"2021-03-16,2:00:616",74,68,40,3,Bike,618,BN,Left
619,"2021-03-16,2:00:617",89,31,40,30,Car,619,BN,Right
620,"2021-03-16,2:00:618",79,22,15,3,Bus,620,BN,Right
621,"2021-03-16,2:00:619",52,78,40,30,Person,621,BN,Left
622,"2021-03-16,2:00:620",73,17,10,15,Truck,622,BN,Left
623,"2021-03-16,2:00:621",44,8,45,27,Bike,623,BN,Left
624,"2021-03-16,2:00:622",59,70,45,3,Person,624,BN,Left
625,"2021-03-16,2:00:623",88,42,5,6,Truck,625,BN,Right
626,"2021-03-16,2:00:624",18,8,30,3,Car,626,BN,Right
627,"2021-03-16,2:00:625",57,24,15,27,Person,627,BN,Right
628,"2021-03-16,2:00:626",37,15,50,15,Truck,628,BN,Right
629,"2021-03-16,2:00:627",72,49,20,3,Car,629,BN,Left
630,"2021-03-16,2:00:628",48,14,40,24,Car,630,BN,Left
631,"2021-03-16,2:00:629",24,73,20,27,Truck,631,BN,Left
632,"2021-03-16,2:00:630",41,51,20,21,Person,632,BN,Right
633,"2021-03-16,2:00:631",76,22,10,24,Person,633,BN,Right
634,"2021-03-16,2:00:632",45,34,40,15,Bike,634,BN,Right
635,"2021-03-16,2:00:633",82,89,40,15,Bus,635,BN,Left
636,"2021-03-16,2:00:634",83,89,40,12,Person,636,BN,Left
637,"2021-03-16,2:00:635",21,59,10,24,Bus,637,BN,Left
638,"2021-03-16,2:00:636",43,41,10,3,Truck,638,BN,Left
639,"2021-03-16,2:00:637",63,73,25,6,Truck,639,BN,Right
640,"2021-03-16,2:00:638",68,48,15,30,Person,640,BN,Right
641,"2021-03-16,2:00:639",87,59,50,6,Bus,641,BN,Right
642,"2021-03-16,2:00:640",39,32,15,21,Bus,642,BN,Left
643,"2021-03-16,2:00:641",15,45,5,3,Bike,643,BN,Left
644,"2021-03-16,2:00:642",70,67,10,18,Bus,644,BN,Left
645,"2021-03-16,2:00:643",85,91,25,3,Bus,645,BN,Left
646,"2021-03-16,2:00:644",74,81,40,12,Car,646,BN,Right
647,"2021-03-16,2:00:645",18,77,10,15,Person,647,BN,Left
648,"2021-03-16,2:00:646",41,58,5,27,Bus,648,BN,Right
649,"2021-03-16,2:00:647",25,25,10,27,Bike,649,BN,Right
650,"2021-03-16,2:00:648",85,93,50,27,Truck,650,BN,Left
651,"2021-03-16,2:00:649",3,80,20,3,Truck,651,BN,Right
652,"2021-03-16,2:00:650",31,14,15,15,Truck,652,BN,Left
653,"2021-03-16,2:00:651",48,77,20,21,Truck,653,BN,Right
654,"2021-03-16,2:00:652",91,37,25,3,Bus,654,BN,Right
655,"2021-03-16,2:00:653",38,6,35,3,Truck,655,BN,Right
656,"2021-03-16,2:00:654",94,7,15,9,Person,656,BN,Left
657,"2021-03-16,2:00:655",59,37,20,30,Car,657,BN,Left
658,"2021-03-16,2:00:656",56,3,40,15,Bus,658,BN,Right
659,"2021-03-16,2:00:657",63,86,35,3,Bike,659,BN,Right
660,"2021-03-16,2:00:658",6,77,5,30,Car,660,BN,Left
661,"2021-03-16,2:00:659",41,17,50,18,Bike,661,BN,Left
662,"2021-03-16,2:00:660",16,75,40,9,Bus,662,BN,Right
663,"2021-03-16,2:00:661",61,94,15,3,Bus,663,BN,Left
664,"2021-03-16,2:00:662",81,41,25,18,Truck,664,BN,Left
665,"2021-03-16,2:00:663",85,55,50,18,Person,665,BN,Left
666,"2021-03-16,2:00:664",16,27,15,15,Bike,666,BN,Left
667,"2021-03-16,2:00:665",19,30,20,24,Bus,667,BN,Left
668,"2021-03-16,2:00:666",76,30,15,15,Bike,668,BN,Left
669,"2021-03-16,2:00:667",68,34,20,15,Truck,669,BN,Right
670,"2021-03-16,2:00:668",36,2,35,15,Truck,670,BN,Right
671,"2021-03-16,2:00:669",76,78,10,30,Truck,671,BN,Left
672,"2021-03-16,2:00:670",63,57,5,15,Car,672,BN,Right
673,"2021-03-16,2:00:671",33,54,45,3,Person,673,BN,Right
674,"2021-03-16,2:00:672",66,49,30,12,Car,674,BN,Right
675,"2021-03-16,2:00:673",59,46,45,24,Car,675,BN,Right
676,"2021-03-16,2:00:674",9,81,50,24,Bus,676,BN,Left
677,"2021-03-16,2:00:675",47,49,15,21,Bus,677,BN,Left
678,"2021-03-16,2:00:676",28,53,30,24,Bike,678,BN,Left
679,"2021-03-16,2:00:677",36,28,45,15,Person,679,BN,Left
680,"2021-03-16,2:00:678",19,49,35,12,Car,680,BN,Left
681,"2021-03-16,2:00:679",87,79,10,15,Car,681,BN,Left
682,"2021-03-16,2:00:680",31,29,15,9,Car,682,BN,Right
683,"2021-03-16,2:00:681",72,22,50,3,Person,683,BN,Right
684,"2021-03-16,2:00:682",65,83,20,21,Bus,684,BN,Left
685,"2021-03-16,2:00:683",43,33,25,30,Bus,685,BN,Right
686,"2021-03-16,2:00:684",61,4,20,21,Person,686,BN,Right
687,"2021-03-16,2:00:685",18,64,25,9,Car,687,BN,Right
688,"2021-03-16,2:00:686",82,36,40,27,Truck,688,BN,Right
689,"2021-03-16,2:00:687",44,21,40,9,Truck,689,BN,Left
690,"2021-03-16,2:00:688",58,36,20,15,Car,690,BN,Left
691,"2021-03-16,2:00:689",72,89,35,3,Truck,691,BN,Left
692,"2021-03-16,2:00:690",66,12,35,9,Bike,692,BN,Right
693,"2021-03-16,2:00:691",80,83,5,27,Person,693,BN,Left
694,"2021-03-16,2:00:692",90,97,10,3,Car,694,BN,Right
695,"2021-03-16,2:00:693",49,60,40,12,Bus,695,BN,Left
696,"2021-03-16,2:00:694",9,13,30,18,Person,696,BN,Left
697,"2021-03-16,2:00:695",92,45,50,15,Truck,697,BN,Left
698,"2021-03-16,2:00:696",11,73,10,3,Bike,698,BN,Left
699,"2021-03-16,2:00:697",5,51,10,30,Truck,699,BN,Left
700,"2021-03-16,2:00:698",3,58,10,9,Truck,700,BN,Left
701,"2021-03-16,2:00:699",65,32,50,9,Truck,701,BN,Left
702,"2021-03-16,2:00:700",42,89,5,6,Bus,702,BN,Left
703,"2021-03-16,2:00:701",29,9,15,27,Truck,703,BN,Left
704,"2021-03-16,2:00:702",22,36,45,30,Bus,704,BN,Right
705,"2021-03-16,2:00:703",74,29,20,6,Bike,705,BN,Left
706,"2021-03-16,2:00:704",54,16,35,9,Bike,706,BN,Right
707,"2021-03-16,2:00:705",1,63,15,21,Person,707,BN,Right
708,"2021-03-16,2:00:706",74,15,40,12,Bus,708,BN,Right
709,"2021-03-16,2:00:707",55,94,45,27,Bus,709,BN,Left
710,"2021-03-16,2:00:708",9,27,10,21,Person,710,BN,Right
711,"2021-03-16,2:00:709",39,97,20,12,Car,711,BN,Right
712,"2021-03-16,2:00:710",55,63,45,3,Person,712,BN,Right
713,"2021-03-16,2:00:711",96,39,35,30,Bike,713,BN,Right
714,"2021-03-16,2:00:712",81,92,20,21,Car,714,BN,Left
715,"2021-03-16,2:00:713",1,29,50,15,Bus,715,BN,Right
716,"2021-03-16,2:00:714",24,4,40,18,Bike,716,BN,Left
717,"2021-03-16,2:00:715",74,99,15,15,Person,717,BN,Right
718,"2021-03-16,2:00:716",88,1,45,12,Bike,718,BN,Left
719,"2021-03-16,2:00:717",77,34,30,15,Bike,719,BN,Left
720,"2021-03-16,2:00:718",16,90,25,9,Person,720,BN,Left
721,"2021-03-16,2:00:719",13,46,30,27,Car,721,BN,Left
722,"2021-03-16,2:00:720",7,20,10,3,Person,722,BN,Right
723,"2021-03-16,2:00:721",13,58,40,9,Bus,723,BN,Left
724,"2021-03-16,2:00:722",1,86,20,12,Bus,724,BN,Right
725,"2021-03-16,2:00:723",29,10,30,3,Car,725,BN,Left
726,"2021-03-16,2:00:724",67,5,30,18,Car,726,BN,Left
727,"2021-03-16,2:00:725",32,85,35,6,Car,727,BN,Left
728,"2021-03-16,2:00:726",7,35,25,6,Bike,728,BN,Right
729,"2021-03-16,2:00:727",86,6,50,9,Bus,729,BN,Right
730,"2021-03-16,2:00:728",76,48,30,3,Bike,730,BN,Left
731,"2021-03-16,2:00:729",81,12,35,21,Bus,731,BN,Left
732,"2021-03-16,2:00:730",47,98,50,12,Bike,732,BN,Left
733,"2021-03-16,2:00:731",98,19,30,24,Person,733,BN,Right
734,"2021-03-16,2:00:732",58,85,20,3,Bus,734,BN,Right
735,"2021-03-16,2:00:733",47,14,45,30,Truck,735,BN,Left
736,"2021-03-16,2:00:734",76,42,50,12,Bike,736,BN,Right
737,"2021-03-16,2:00:735",87,99,20,9,Truck,737,BN,Right
738,"2021-03-16,2:00:736",51,67,15,27,Person,738,BN,Left
739,"2021-03-16,2:00:737",91,44,20,21,Bus,739,BN,Left
740,"2021-03-16,2:00:738",50,86,25,12,Car,740,BN,Right
741,"2021-03-16,2:00:739",82,88,50,6,Car,741,BN,Right
742,"2021-03-16,2:00:740",15,99,45,21,Car,742,BN,Left
743,"2021-03-16,2:00:741",48,20,30,24,Truck,743,BN,Left
744,"2021-03-16,2:00:742",55,99,5,24,Bike,744,BN,Right
745,"2021-03-16,2:00:743",94,26,50,21,Truck,745,BN,Right
746,"2021-03-16,2:00:744",43,3,20,21,Car,746,BN,Right
747,"2021-03-16,2:00:745",91,23,45,24,Person,747,BN,Right
748,"2021-03-16,2:00:746",40,52,40,21,Car,748,BN,Right
749,"2021-03-16,2:00:747",75,21,10,27,Person,749,BN,Right
750,"2021-03-16,2:00:748",44,13,45,27,Person,750,BN,Left
751,"2021-03-16,2:00:749",30,56,5,3,Truck,751,BN,Right
752,"2021-03-16,2:00:750",97,49,10,30,Truck,752,BN,Left
753,"2021-03-16,2:00:751",87,20,5,12,Bus,753,BN,Right
754,"2021-03-16,2:00:752",3,15,20,3,Bus,754,BN,Left
755,"2021-03-16,2:00:753",65,14,50,6,Bike,755,BN,Left
756,"2021-03-16,2:00:754",15,69,30,18,Bus,756,BN,Right
757,"2021-03-16,2:00:755",71,79,45,3,Person,757,BN,Left
758,"2021-03-16,2:00:756",12,51,25,30,Truck,758,BN,Left
759,"2021-03-16,2:00:757",59,23,10,3,Bus,759,BN,Right
760,"2021-03-16,2:00:758",64,99,35,18,Car,760,BN,Right
761,"2021-03-16,2:00:759",3,47,45,9,Car,761,BN,Right
762,"2021-03-16,2:00:760",35,25,20,3,Person,762,BN,Left
763,"2021-03-16,2:00:761",78,56,40,27,Bike,763,BN,Left
764,"2021-03-16,2:00:762",80,90,5,12,Bus,764,BN,Left
765,"2021-03-16,2:00:763",32,25,5,9,Car,765,BN,Left
766,"2021-03-16,2:00:764",14,59,35,30,Bike,766,BN,Right
767,"2021-03-16,2:00:765",36,13,5,27,Bus,767,BN,Left
768,"2021-03-16,2:00:766",57,29,45,24,Person,768,BN,Left
769,"2021-03-16,2:00:767",12,41,35,6,Bike,769,BN,Right
770,"2021-03-16,2:00:768",89,54,40,9,Person,770,BN,Right
771,"2021-03-16,2:00:769",27,12,40,6,Bike,771,BN,Right
772,"2021-03-16,2:00:770",70,59,15,3,Car,772,BN,Left
773,"2021-03-16,2:00:771",28,9,20,12,Car,773,BN,Left
774,"2021-03-16,2:00:772",60,13,30,6,Car,774,BN,Left
775,"2021-03-16,2:00:773",50,40,45,18,Bus,775,BN,Right
776,"2021-03-16,2:00:774",51,42,40,21,Bus,776,BN,Left
777,"2021-03-16,2:00:775",43,34,50,30,Bus,777,BN,Left
778,"2021-03-16,2:00:776",87,24,10,30,Bike,778,BN,Right
779,"2021-03-16,2:00:777",40,97,20,27,Bike,779,BN,Right
780,"2021-03-16,2:00:778",30,95,5,30,Person,780,BN,Left
781,"2021-03-16,2:00:779",69,89,45,30,Person,781,BN,Right
782,"2021-03-16,2:00:780",10,60,30,3,Truck,782,BN,Left
783,"2021-03-16,2:00:781",12,68,35,3,Truck,783,BN,Left
784,"2021-03-16,2:00:782",97,30,10,18,Bike,784,BN,Left
785,"2021-03-16,2:00:783",91,55,45,12,Car,785,BN,Left
786,"2021-03-16,2:00:784",44,43,20,15,Truck,786,BN,Left
787,"2021-03-16,2:00:785",17,99,10,18,Bike,787,BN,Left
788,"2021-03-16,2:00:786",26,21,25,18,Car,788,BN,Right
789,"2021-03-16,2:00:787",29,27,5,30,Person,789,BN,Right
790,"2021-03-16,2:00:788",80,98,30,24,Car,790,BN,Left
791,"2021-03-16,2:00:789",34,84,25,6,Truck,791,BN,Left
792,"2021-03-16,2:00:790",71,64,10,15,Person,792,BN,Right
793,"2021-03-16,2:00:791",58,55,50,9,Bike,793,BN,Left
794,"2021-03-16,2:00:792",71,76,10,9,Person,794,BN,Right
795,"2021-03-16,2:00:793",41,53,40,18,Bus,795,BN,Right
796,"2021-03-16,2:00:794",90,97,10,24,Car,796,BN,Right
797,"2021-03-16,2:00:795",14,53,50,6,Car,797,BN,Left
798,"2021-03-16,2:00:796",61,26,45,18,Car,798,BN,Right
799,"2021-03-16,2:00:797",83,34,10,27,Car,799,BN,Left
800,"2021-03-16,2:00:798",43,53,45,3,Person,800,BN,Left
801,"2021-03-16,2:00:799",35,54,15,12,Car,801,BN,Left
802,"2021-03-16,2:00:800",3,58,35,18,Car,802,BN,Left
803,"2021-03-16,2:00:801",87,37,45,18,Person,803,BN,Left
804,"2021-03-16,2:00:802",17,49,5,3,Bike,804,BN,Left
805,"2021-03-16,2:00:803",49,63,25,18,Truck,805,BN,Right
806,"2021-03-16,2:00:804",83,21,10,27,Bike,806,BN,Left
807,"2021-03-16,2:00:805",68,55,5,12,Person,807,BN,Right
808,"2021-03-16,2:00:806",54,54,35,3,Bike,808,BN,Right
809,"2021-03-16,2:00:807",23,47,50,30,Car,809,BN,Right
810,"2021-03-16,2:00:808",77,78,15,18,Bike,810,BN,Right
811,"2021-03-16,2:00:809",57,3,45,9,Truck,811,BN,Left
812,"2021-03-16,2:00:810",63,78,30,12,Bike,812,BN,Right
813,"2021-03-16,2:00:811",56,83,10,27,Person,813,BN,Left
814,"2021-03-16,2:00:812",34,45,5,6,Car,814,BN,Right
815,"2021-03-16,2:00:813",36,35,25,6,Person,815,BN,Left
816,"2021-03-16,2:00:814",7,29,30,30,Car,816,BN,Right
817,"2021-03-16,2:00:815",70,28,15,18,Truck,817,BN,Left
818,"2021-03-16,2:00:816",47,6,20,21,Bike,818,BN,Left
819,"2021-03-16,2:00:817",99,33,25,9,Bike,819,BN,Right
820,"2021-03-16,2:00:818",93,54,5,30,Person,820,BN,Left
821,"2021-03-16,2:00:819",74,74,15,15,Bus,821,BN,Left
822,"2021-03-16,2:00:820",33,14,40,3,Bike,822,BN,Left
823,"2021-03-16,2:00:821",37,40,10,21,Car,823,BN,Right
824,"2021-03-16,2:00:822",1,94,25,12,Truck,824,BN,Left
825,"2021-03-16,2:00:823",69,43,50,12,Bike,825,BN,Left
826,"2021-03-16,2:00:824",80,38,20,9,Bike,826,BN,Left
827,"2021-03-16,2:00:825",7,92,30,21,Truck,827,BN,Right
828,"2021-03-16,2:00:826",62,33,15,12,Truck,828,BN,Right
829,"2021-03-16,2:00:827",44,73,30,21,Car,829,BN,Left
830,"2021-03-16,2:00:828",47,51,35,3,Truck,830,BN,Left
831,"2021-03-16,2:00:829",69,16,15,9,Bus,831,BN,Right
832,"2021-03-16,2:00:830",50,3,5,30,Truck,832,BN,Left
833,"2021-03-16,2:00:831",46,97,40,12,Truck,833,BN,Left
834,"2021-03-16,2:00:832",28,66,30,12,Bus,834,BN,Right
835,"2021-03-16,2:00:833",15,19,15,24,Person,835,BN,Right
836,"2021-03-16,2:00:834",37,3,10,9,Bus,836,BN,Right
837,"2021-03-16,2:00:835",23,90,25,30,Car,837,BN,Left
838,"2021-03-16,2:00:836",90,8,30,24,Bike,838,BN,Left
839,"2021-03-16,2:00:837",83,97,40,21,Bike,839,BN,Right
840,"2021-03-16,2:00:838",68,19,15,15,Person,840,BN,Left
841,"2021-03-16,2:00:839",11,15,5,21,Bike,841,BN,Right
842,"2021-03-16,2:00:840",63,19,10,27,Person,842,BN,Right
843,"2021-03-16,2:00:841",11,77,15,21,Person,843,BN,Left
844,"2021-03-16,2:00:842",84,45,40,9,Truck,844,BN,Left
845,"2021-03-16,2:00:843",49,26,30,21,Truck,845,BN,Right
846,"2021-03-16,2:00:844",88,5,5,3,Bus,846,BN,Right
847,"2021-03-16,2:00:845",11,6,45,18,Person,847,BN,Left
848,"2021-03-16,2:00:846",63,76,25,21,Person,848,BN,Left
849,"2021-03-16,2:00:847",10,98,45,21,Car,849,BN,Left
850,"2021-03-16,2:00:848",86,52,40,18,Car,850,BN,Right
851,"2021-03-16,2:00:849",29,20,5,3,Person,851,BN,Left
852,"2021-03-16,2:00:850",26,86,30,3,Bike,852,BN,Left
853,"2021-03-16,2:00:851",89,41,35,18,Person,853,BN,Right
854,"2021-03-16,2:00:852",16,53,5,27,Person,854,BN,Left
855,"2021-03-16,2:00:853",88,64,5,15,Person,855,BN,Right
856,"2021-03-16,2:00:854",91,55,5,3,Bike,856,BN,Left
857,"2021-03-16,2:00:855",3,43,50,9,Person,857,BN,Left
858,"2021-03-16,2:00:856",40,69,15,9,Person,858,BN,Right
859,"2021-03-16,2:00:857",61,39,20,12,Person,859,BN,Left
860,"2021-03-16,2:00:858",89,29,25,30,Car,860,BN,Left
861,"2021-03-16,2:00:859",57,10,5,30,Truck,861,BN,Right
862,"2021-03-16,2:00:860",16,36,45,18,Truck,862,BN,Right
863,"2021-03-16,2:00:861",84,48,30,12,Bus,863,BN,Right
864,"2021-03-16,2:00:862",83,90,25,15,Bike,864,BN,Right
865,"2021-03-16,2:00:863",85,41,20,18,Person,865,BN,Left
866,"2021-03-16,2:00:864",28,28,30,12,Bus,866,BN,Left
867,"2021-03-16,2:00:865",91,16,30,21,Car,867,BN,Right
868,"2021-03-16,2:00:866",51,74,10,30,Bus,868,BN,Left
869,"2021-03-16,2:00:867",92,11,15,21,Bus,869,BN,Left
870,"2021-03-16,2:00:868",70,51,45,18,Bike,870,BN,Left
871,"2021-03-16,2:00:869",61,62,20,18,Truck,871,BN,Right
872,"2021-03-16,2:00:870",57,69,45,21,Bike,872,BN,Right
873,"2021-03-16,2:00:871",70,32,30,15,Truck,873,BN,Right
874,"2021-03-16,2:00:872",13,50,10,15,Car,874,BN,Left
875,"2021-03-16,2:00:873",44,54,45,24,Bike,875,BN,Left
876,"2021-03-16,2:00:874",9,25,40,3,Person,876,BN,Left
877,"2021-03-16,2:00:875",59,80,45,18,Bike,877,BN,Left
878,"2021-03-16,2:00:876",25,95,50,21,Truck,878,BN,Left
879,"2021-03-16,2:00:877",35,89,50,3,Car,879,BN,Right
880,"2021-03-16,2:00:878",61,4,50,3,Truck,880,BN,Left
881,"2021-03-16,2:00:879",75,75,30,9,Car,881,BN,Right
882,"2021-03-16,2:00:880",37,11,35,15,Truck,882,BN,Left
883,"2021-03-16,2:00:881",21,24,20,27,Truck,883,BN,Right
884,"2021-03-16,2:00:882",59,51,5,3,Bus,884,BN,Right
885,"2021-03-16,2:00:883",67,7,50,30,Car,885,BN,Left
886,"2021-03-16,2:00:884",89,30,10,21,Bike,886,BN,Right
887,"2021-03-16,2:00:885",8,72,45,27,Bus,887,BN,Right
888,"2021-03-16,2:00:886",13,31,5,6,Car,888,BN,Left
889,"2021-03-16,2:00:887",2,100,40,18,Car,889,BN,Left
890,"2021-03-16,2:00:888",49,59,25,15,Bus,890,BN,Right
891,"2021-03-16,2:00:889",56,94,25,24,Car,891,BN,Right
892,"2021-03-16,2:00:890",2,39,25,15,Car,892,BN,Left
893,"2021-03-16,2:00:891",49,19,50,24,Car,893,BN,Right
894,"2021-03-16,2:00:892",41,24,45,6,Car,894,BN,Right
895,"2021-03-16,2:00:893",65,33,20,27,Car,895,BN,Left
896,"2021-03-16,2:00:894",8,28,40,15,Bike,896,BN,Left
897,"2021-03-16,2:00:895",32,8,5,6,Person,897,BN,Left
898,"2021-03-16,2:00:896",66,8,15,18,Car,898,BN,Left
899,"2021-03-16,2:00:897",86,20,35,9,Truck,899,BN,Right
900,"2021-03-16,2:00:898",40,11,20,18,Truck,900,BN,Left
901,"2021-03-16,2:00:899",91,71,45,30,Person,901,BN,Right
902,"2021-03-16,2:00:900",81,24,35,3,Truck,902,BN,Left
903,"2021-03-16,2:00:901",20,22,35,3,Bike,903,BN,Right
904,"2021-03-16,2:00:902",1,22,20,21,Bus,904,BN,Right
905,"2021-03-16,2:00:903",38,2,25,9,Bus,905,BN,Left
906,"2021-03-16,2:00:904",67,90,40,18,Truck,906,BN,Left
907,"2021-03-16,2:00:905",82,32,40,15,Car,907,BN,Left
908,"2021-03-16,2:00:906",5,14,20,3,Person,908,BN,Right
909,"2021-03-16,2:00:907",13,82,5,18,Car,909,BN,Left
910,"2021-03-16,2:00:908",35,99,25,15,Truck,910,BN,Right
911,"2021-03-16,2:00:909",8,100,15,27,Bus,911,BN,Right
912,"2021-03-16,2:00:910",70,40,35,30,Person,912,BN,Right
913,"2021-03-16,2:00:911",39,65,5,15,Truck,913,BN,Right
914,"2021-03-16,2:00:912",71,4,25,12,Person,914,BN,Right
915,"2021-03-16,2:00:913",1,49,30,12,Bus,915,BN,Right
916,"2021-03-16,2:00:914",11,62,40,12,Car,916,BN,Right
917,"2021-03-16,2:00:915",43,8,25,30,Bike,917,BN,Left
918,"2021-03-16,2:00:916",50,9,25,6,Bus,918,BN,Left
919,"2021-03-16,2:00:917",21,68,10,3,Truck,919,BN,Right
920,"2021-03-16,2:00:918",2,20,15,3,Bike,920,BN,Right
921,"2021-03-16,2:00:919",45,20,45,9,Person,921,BN,Right
922,"2021-03-16,2:00:920",33,10,35,27,Bike,922,BN,Left
923,"2021-03-16,2:00:921",4,56,40,15,Bus,923,BN,Right
924,"2021-03-16,2:00:922",37,94,40,21,Truck,924,BN,Right
925,"2021-03-16,2:00:923",32,89,25,24,Bus,925,BN,Left
926,"2021-03-16,2:00:924",55,70,50,15,Person,926,BN,Left
927,"2021-03-16,2:00:925",94,30,35,6,Bus,927,BN,Right
928,"2021-03-16,2:00:926",2,16,35,12,Bus,928,BN,Left
929,"2021-03-16,2:00:927",84,92,15,30,Truck,929,BN,Right
930,"2021-03-16,2:00:928",58,48,35,3,Truck,930,BN,Right
931,"2021-03-16,2:00:929",20,14,40,24,Bike,931,BN,Left
932,"2021-03-16,2:00:930",42,64,30,27,Bike,932,BN,Left
933,"2021-03-16,2:00:931",3,27,40,24,Bus,933,BN,Left
934,"2021-03-16,2:00:932",44,61,15,27,Person,934,BN,Right
935,"2021-03-16,2:00:933",42,65,20,24,Car,935,BN,Right
936,"2021-03-16,2:00:934",38,61,10,24,Bus,936,BN,Right
937,"2021-03-16,2:00:935",87,23,10,27,Bus,937,BN,Right
938,"2021-03-16,2:00:936",83,57,20,27,Car,938,BN,Right
939,"2021-03-16,2:00:937",99,12,45,6,Car,939,BN,Left
940,"2021-03-16,2:00:938",45,61,25,18,Bike,940,BN,Right
941,"2021-03-16,2:00:939",6,27,40,24,Bus,941,BN,Right
942,"2021-03-16,2:00:940",8,53,40,18,Bus,942,BN,Right
943,"2021-03-16,2:00:941",57,76,40,6,Car,943,BN,Right
944,"2021-03-16,2:00:942",25,36,50,24,Bike,944,BN,Right
945,"2021-03-16,2:00:943",82,2,20,3,Person,945,BN,Right
946,"2021-03-16,2:00:944",90,75,10,3,Person,946,BN,Left
947,"2021-03-16,2:00:945",27,73,5,18,Person,947,BN,Left
948,"2021-03-16,2:00:946",9,29,15,18,Person,948,BN,Right
949,"2021-03-16,2:00:947",30,87,5,12,Truck,949,BN,Left
950,"2021-03-16,2:00:948",58,62,10,9,Bike,950,BN,Right
951,"2021-03-16,2:00:949",28,93,45,15,Bus,951,BN,Right
952,"2021-03-16,2:00:950",29,43,35,18,Truck,952,BN,Left
953,"2021-03-16,2:00:951",90,23,45,18,Car,953,BN,Left
954,"2021-03-16,2:00:952",19,84,45,15,Car,954,BN,Right
955,"2021-03-16,2:00:953",31,18,5,12,Bus,955,BN,Left
956,"2021-03-16,2:00:954",37,45,25,27,Bike,956,BN,Left
957,"2021-03-16,2:00:955",38,56,20,9,Bike,957,BN,Left
958,"2021-03-16,2:00:956",46,5,40,15,Car,958,BN,Left
959,"2021-03-16,2:00:957",87,10,40,9,Bus,959,BN,Right
960,"2021-03-16,2:00:958",5,39,25,3,Bike,960,BN,Right
961,"2021-03-16,2:00:959",64,99,5,6,Truck,961,BN,Left
962,"2021-03-16,2:00:960",7,40,25,15,Bike,962,BN,Right
963,"2021-03-16,2:00:961",35,80,20,12,Person,963,BN,Right
964,"2021-03-16,2:00:962",13,71,5,18,Person,964,BN,Right
965,"2021-03-16,2:00:963",42,23,10,9,Bus,965,BN,Right
966,"2021-03-16,2:00:964",32,41,35,24,Bike,966,BN,Right
967,"2021-03-16,2:00:965",58,99,40,15,Person,967,BN,Left
968,"2021-03-16,2:00:966",13,86,10,6,Person,968,BN,Right
969,"2021-03-16,2:00:967",74,94,5,15,Bike,969,BN,Left
970,"2021-03-16,2:00:968",32,19,20,9,Car,970,BN,Left
971,"2021-03-16,2:00:969",76,31,35,9,Truck,971,BN,Right
972,"2021-03-16,2:00:970",62,41,35,12,Person,972,BN,Right
973,"2021-03-16,2:00:971",72,64,50,12,Bus,973,BN,Left
974,"2021-03-16,2:00:972",17,24,25,30,Bike,974,BN,Right
975,"2021-03-16,2:00:973",13,74,35,27,Bus,975,BN,Right
976,"2021-03-16,2:00:974",43,92,5,18,Truck,976,BN,Left
977,"2021-03-16,2:00:975",70,100,10,12,Bike,977,BN,Right
978,"2021-03-16,2:00:976",62,30,45,9,Car,978,BN,Right
979,"2021-03-16,2:00:977",95,81,10,18,Truck,979,BN,Left
980,"2021-03-16,2:00:978",67,39,40,9,Person,980,BN,Right
981,"2021-03-16,2:00:979",76,7,40,24,Car,981,BN,Left
982,"2021-03-16,2:00:980",59,66,50,18,Person,982,BN,Left
983,"2021-03-16,2:00:981",38,36,10,30,Person,983,BN,Left
984,"2021-03-16,2:00:982",81,49,20,18,Car,984,BN,Right
985,"2021-03-16,2:00:983",60,11,40,9,Car,985,BN,Left
986,"2021-03-16,2:00:984",60,73,45,24,Truck,986,BN,Right
987,"2021-03-16,2:00:985",49,98,10,18,Bus,987,BN,Right
988,"2021-03-16,2:00:986",69,86,30,18,Bus,988,BN,Right
989,"2021-03-16,2:00:987",63,94,15,21,Car,989,BN,Left
990,"2021-03-16,2:00:988",44,100,5,12,Bus,990,BN,Right
991,"2021-03-16,2:00:989",79,7,20,3,Person,991,BN,Left
992,"2021-03-16,2:00:990",57,40,20,27,Car,992,BN,Right
993,"2021-03-16,2:00:991",5,80,30,21,Bike,993,BN,Left
994,"2021-03-16,2:00:992",38,74,20,27,Bike,994,BN,Left
995,"2021-03-16,2:00:993",44,16,25,24,Person,995,BN,Right
996,"2021-03-16,2:00:994",1,21,40,15,Bike,996,BN,Left
997,"2021-03-16,2:00:995",4,42,30,6,Bus,997,BN,Right
998,"2021-03-16,2:00:996",48,69,35,9,Car,998,BN,Right
999,"2021-03-16,2:00:997",47,95,20,9,Person,999,BN,Right
1000,"2021-03-16,2:00:998",23,6,15,3,Car,1000,BN,Right
